[{
	"id": 1,
	"name": "\u041f\u043e\u043b\u044c\u0437\u043e\u0432\u0430\u0442\u0435\u043b\u0438",
	"alias": "users",
	"childrens": [{
		"id": 2,
		"name": "\u0421\u043e\u0437\u0434\u0430\u043d\u0438\u0435",
		"alias": "create"
	}, {
		"id": 3,
		"name": "\u0421\u043f\u0438\u0441\u043e\u043a",
		"alias": "list",
		"childrens": [{
			"id": 4,
			"name": "\u0410\u043a\u0442\u0438\u0432\u043d\u044b\u0435",
			"alias": "active"
		}, {
			"id": 5,
			"name": "\u0423\u0434\u0430\u043b\u0435\u043d\u043d\u044b\u0435",
			"alias": "deleted"
		}]
	}, {
		"id": 8,
		"name": "\u041f\u043e\u0438\u0441\u043a",
		"alias": "search"
	}]
}, {
	"id": 6,
	"name": "\u0417\u0430\u044f\u0432\u043a\u0438",
	"alias": "requests",
	"childrens": [{
		"id": 9,
		"name": "\u0417\u0430\u044f\u0432\u043a\u0438 \u043d\u0430 \u043f\u043e\u043a\u043b\u044e\u0447\u0435\u043d\u0438\u0435",
		"alias": "connecting"
	}, {
		"id": 10,
		"name": "\u0417\u0430\u044f\u0432\u043a\u0438 \u043d\u0430 \u0440\u0435\u043c\u043e\u043d\u0442",
		"alias": "repairs"
	}, {
		"id": 11,
		"name": "\u0417\u0430\u044f\u0432\u043a\u0438 \u043d\u0430 \u043e\u0431\u0445\u043e\u0434",
		"alias": "round"
	}]
}, {
	"id": 7,
	"name": "\u041e\u0442\u0447\u0451\u0442\u044b",
	"alias": "reports",
	"childrens": [{
		"id": 12,
		"name": "\u041e\u0442\u0434\u0435\u043b \u043c\u0430\u0440\u043a\u0435\u0442\u0438\u043d\u0433\u0430",
		"alias": "marketing",
		"childrens": [{
			"id": 15,
			"name": "\u041e\u0442\u0447\u0451\u0442 \u043f\u043e \u0441\u043f\u0438\u0441\u0430\u043d\u0438\u044f\u043c",
			"alias": "write-offs"
		}, {
			"id": 16,
			"name": "\u041e\u0442\u0447\u0451\u0442 \u043f\u043e \u0440\u0430\u0441\u0445\u043e\u0434\u0430\u043c",
			"alias": "costs"
		}, {
			"id": 17,
			"name": "\u0413\u043e\u0434\u043e\u0432\u043e\u0439 \u043e\u0442\u0447\u0451\u0442",
			"alias": "year"
		}]
	}, {
		"id": 14,
		"name": "\u0423\u043f\u0440\u0430\u0432\u043b\u0435\u043d\u0438\u0435",
		"alias": "control",
		"0": [{
			"id": 18,
			"name": "\u041e\u0442\u0447\u0451\u0442 \u043f\u043e \u044d\u0444\u0444\u0435\u043a\u0442\u0438\u0432\u043d\u043e\u0441\u0442\u0438 \u0440\u0430\u0431\u043e\u0442\u044b",
			"alias": "efficiency"
		}, {
			"id": 19,
			"name": "\u041e\u0442\u0447\u0451\u0442 \u043f\u043e \u043f\u043e\u0434\u043a\u043b\u044e\u0447\u0435\u043d\u0438\u044f\u043c",
			"alias": "connecting"
		}]
	}]
}]